20,18,0.33758,2.4391
21,19,0.3253,2.4757
22,20,0.31721,2.504
23,21,0.39244,2.5331
24,22,0.36143,2.6088
25,23,0.28469,2.3891
26,24,0.32886,2.1513
27,25,0.30814,2.2348
28,26,0.26013,2.3103
29,27,0.2884,2.3658
30,28,0.28653,2.3983
31,28,0.39407,3.6123
32,30,0.25674,2.4447
33,31,0.29233,2.4639
34,32,0.27813,2.4761
35,33,0.2887,2.4839
36,34,0.32575,2.4964
37,35,0.30904,2.4945
38,35,0.38449,3.7505
39,37,0.28826,2.5231
40,37,0.41531,3.7588
41,39,0.40734,2.493
42,39,0.53475,3.7742
43,41,0.50876,2.5643
44,42,0.54092,2.5943
45,43,0.47277,2.65
46,44,0.45818,2.7044
47,45,0.39546,2.7534
48,45,0.50069,4.1929
49,47,0.3521,2.8847
50,47,0.43266,4.3598
51,49,0.24192,2.4852
52,48,0.46652,4.9588
53,51,0.31592,2.0702
54,51,0.42618,3.123
55,53,0.27991,2.1176
56,54,0.22284,2.1291
57,54,0.35151,3.1962
58,56,0.27689,2.1427
59,56,0.34616,3.2114
60,58,0.21971,2.1413
61,57,0.41536,4.2734
62,57,0.44887,5.3385
63,60,0.33343,3.2039
64,62,0.27523,2.174
65,63,0.24704,2.196
66,63,0.34085,3.3071
67,65,0.2523,2.2407
68,66,0.28071,2.2821
69,8,0.39941,66.904
70,68,0.24702,2.3339
71,10,0.40035,67.892
72,70,0.23584,2.3437
73,71,0.23261,2.3553
74,72,0.23567,2.3707
75,72,0.26358,3.562
76,74,0.20003,2.3862
77,73,0.27453,4.7536
78,73,0.32193,5.948
79,73,0.34262,7.1289
80,78,0.19592,2.3703
81,79,0.18397,2.3847
82,80,0.19538,2.3868
83,81,0.17728,2.3874
84,82,0.19988,2.3979
85,83,0.21031,2.4098
86,84,0.25345,2.4241
87,85,0.28579,2.439
88,86,0.25692,2.4663
89,87,0.238,2.4861
90,88,0.20747,2.4978
91,89,0.21131,2.5342
92,90,0.20706,2.567
93,91,0.21562,2.5929
94,92,0.21276,2.6222
95,93,0.2766,2.6649
96,94,0.25882,2.7245
97,95,0.24742,2.7656
98,96,0.28051,2.8096
99,96,0.32047,4.2489
100,80,0.39508,25.694
101,77,0.44544,30.643
102,100,0.19676,2.9233
103,101,0.23126,2.9396
104,102,0.20642,2.9393
105,102,0.24729,4.4065
106,104,0.16961,2.9467
107,103,0.23313,5.8998
108,106,0.16672,2.9836
109,103,0.31194,8.904
110,108,0.18383,3.0142
111,108,0.25681,4.5269
112,109,0.29702,4.5292
113,110,0.25742,4.53
114,111,0.26944,4.5148
115,112,0.30839,4.4985
116,114,0.25719,2.9836
117,114,0.29687,4.4727
118,104,0.29546,20.923
119,117,0.2228,2.9678
120,118,0.18623,2.9675
121,117,0.24855,5.9457
122,119,0.19645,4.4868
123,120,0.22491,4.5175
124,122,0.17212,3.0318
125,115,0.3313,15
126,115,0.33403,16.547
127,125,0.22654,3.1184
128,126,0.23346,3.1512
129,127,0.25045,3.1838
130,128,0.24826,3.2308
131,129,0.27178,3.2783
132,130,0.34948,3.3214
133,127,0.39503,9.8284
134,132,0.24422,3.4106
135,133,0.24642,3.452
136,134,0.25304,3.492
137,133,0.42296,6.9911
138,136,0.29391,3.5869
139,112,0.42396,43.024
140,107,0.41012,52.363
141,115,0.37523,42.232
142,115,0.33316,44.116
143,115,0.39177,46.02
144,119,0.32323,42.015
145,107,0.4453,61.863
146,115,0.45605,51.847
147,115,0.4621,53.824
148,104,0.42727,72.173
149,104,0.42947,74.158
150,148,0.39293,3.0013
151,80,0.44283,108.03
152,150,0.43281,3.9659
153,106,0.47181,78.112
154,80,0.43492,113.81
155,124,0.49271,55.2
156,154,0.31827,3.8868
157,105,0.4596,87.281
158,72,0.4392,129.97
159,72,0.48064,131.83
160,158,0.39446,3.8424
161,78,0.46461,129.16
162,110,0.48968,89.381
163,120,0.4312,76.487
164,105,0.4458,100.56
165,106,0.47776,101
166,164,0.41937,3.88
167,110,0.5123,98.926
168,1,0.52651,210.76
169,109,0.4658,104.26
170,125,0.46052,82.499
171,169,0.30254,3.9634
172,170,0.27902,2.994
173,170,0.3094,3.9955
174,172,0.19728,2.0073
175,173,0.26001,2.0124
176,174,0.26778,2.0135
177,175,0.25911,2.024
178,176,0.25814,2.0366
179,177,0.23329,2.0429
180,177,0.291,3.0748
181,178,0.31482,3.0878
182,180,0.27092,2.0635
183,181,0.24675,2.0699
184,177,0.41852,7.2128
185,179,0.384,6.209
186,182,0.31575,4.1511
187,182,0.32902,5.1816
188,186,0.20065,2.0688
189,184,0.31198,5.1824
190,184,0.31828,6.2171
191,189,0.23253,2.0587
192,189,0.30508,3.0802
193,188,0.37306,5.1424
194,192,0.22626,2.0371
195,193,0.2134,2.0271
196,194,0.19436,2.0236
197,195,0.19173,2.015
198,140,0.43615,86.615
199,117,0.43282,125.33
200,117,0.4348,127.26
201,199,0.33879,3.9308
202,94,0.41869,163.65
203,152,0.40541,74.032
204,80,0.41782,183.31
205,154,0.39678,73.911
206,155,0.39225,73.851
207,186,0.42737,29.609
208,186,0.41343,31.486
209,185,0.42088,34.391
210,208,0.27482,3.7354
211,209,0.24631,3.7239
212,209,0.31343,5.5813
213,206,0.41501,13.058
214,80,0.35559,200.98
215,82,0.36276,200.68
216,81,0.40522,203.49
217,106,0.42152,174.17
218,215,0.37118,5.4762
219,214,0.42271,9.1317
220,106,0.42256,179.55
221,106,0.38527,181.36
222,107,0.36465,181.75
223,107,0.36005,183.56
224,222,0.33319,3.6388
225,222,0.39702,5.4622
226,224,0.33122,3.6476
227,213,0.36271,25.474
228,80,0.35079,226.04
229,80,0.33183,227.88
230,228,0.34474,3.6848
231,228,0.37073,5.5396
232,224,0.394,14.677
233,231,0.34879,3.7069
234,83,0.38222,234.04
235,94,0.39304,223.34
236,89,0.3905,231.19
237,204,0.44851,60.42
238,231,0.38667,13.008
239,237,0.35,3.7327
240,220,0.3892,36.692
241,239,0.29557,3.7106
242,213,0.37859,52.885
243,240,0.37661,5.5397
244,98,0.36658,234.61
245,241,0.36143,7.3386
246,244,0.21725,3.6719
247,245,0.23186,3.6715
248,243,0.29684,9.1515
249,225,0.3926,44.034
250,247,0.26014,5.5119
251,93,0.32109,253.53
252,93,0.32588,255.29
253,251,0.21985,3.6786
254,252,0.25627,3.69
255,253,0.23881,3.6838
256,254,0.24445,3.674
257,255,0.25081,3.6627
258,251,0.39489,12.835
259,240,0.37676,34.778
260,246,0.32672,25.593
261,246,0.32725,27.379
262,260,0.24292,3.5661
263,261,0.23844,3.5483
264,249,0.3865,27.213
265,263,0.26308,3.5543
266,96,0.35267,275.04
267,264,0.37546,5.3545
268,253,0.41207,26.981
269,267,0.3612,3.568
270,268,0.3599,3.5936
271,94,0.45034,285.79
272,249,0.4739,41.47
273,149,0.47933,201.54
274,196,0.49168,136.52
275,147,0.4694,208.74
276,274,0.4226,3.6673
277,242,0.45017,63.196
278,250,0.38907,50.583
279,251,0.39323,50.6
280,254,0.35551,46.979
281,254,0.36533,48.828
282,280,0.24461,3.7175
283,281,0.29358,3.7232
284,282,0.28937,3.7096
285,282,0.43641,5.5612
286,265,0.4305,38.36
287,277,0.52868,18.53
288,277,0.56082,20.398
289,222,0.53984,119.7
290,287,0.43313,5.512
291,288,0.47142,5.462
292,290,0.37798,3.6291
293,79,0.44252,339.26
294,292,0.29762,3.5834
295,124,0.45895,281.05
296,118,0.48915,291.46
297,295,0.35978,3.3162
298,295,0.41018,4.9053
299,297,0.34224,3.1028
300,298,0.33723,2.9687
301,102,0.46174,321.63
302,103,0.43082,321.3
303,147,0.46739,250.76
304,77,0.52495,355.87
305,223,0.46038,141.93
306,231,0.45572,129.8
307,238,0.41062,118.73
308,229,0.36729,135.45
309,229,0.37749,136.7
310,204,0.37489,177.15
311,309,0.25307,2.5351
312,309,0.29912,3.7624
313,309,0.32375,4.9626
314,206,0.38734,177.85
315,227,0.34774,146.4
316,220,0.36883,158.3
317,315,0.17462,2.2545
318,314,0.23533,4.4878
319,314,0.28994,5.4999
320,316,0.24659,4.4388
321,228,0.34894,150.08
322,241,0.35015,129.25
323,241,0.36069,130.11
324,95,0.39202,350.66
325,94,0.37794,352.57
326,324,0.19229,2.0594
327,325,0.18164,2.1102
328,326,0.209,2.117
329,327,0.18179,2.1722
330,328,0.18932,2.2525
331,329,0.2129,2.3033
332,330,0.18598,2.4685
333,329,0.27123,5.1199
334,329,0.28725,6.38
335,333,0.16516,2.5904
336,334,0.16808,2.3704
337,335,0.16975,2.105
338,333,0.248,5.7643
339,328,0.23287,12.951
340,338,0.19906,2.2886
341,339,0.21152,2.3663
342,340,0.20139,2.4366
343,341,0.22282,2.5119
344,332,0.24477,14.459
345,337,0.2648,9.6932
346,336,0.2558,12.08
347,335,0.24509,14.463
348,346,0.19671,2.787
349,320,0.29027,32.265
350,320,0.28356,33.618
351,349,0.17036,2.527
352,350,0.19142,2.068
353,351,0.1828,2.1094
354,349,0.2775,5.7184
355,352,0.24432,3.27
356,353,0.24911,3.3378
357,355,0.20501,2.2913
358,356,0.20276,2.3353
359,355,0.28432,4.6747
360,350,0.28562,11.238
361,351,0.28975,11.459
362,80,0.26245,411.04
363,81,0.29205,411.19
364,362,0.18544,2.5766
365,363,0.18705,2.6027
366,363,0.21987,3.9296
367,347,0.26318,24.667
368,366,0.16601,2.7012
369,366,0.20027,4.076
370,368,0.1644,2.7616
371,227,0.33242,208.9
372,360,0.29994,15.977
373,352,0.31645,26.572
374,232,0.3218,204.8
375,373,0.1938,2.8647
376,369,0.29251,9.9302
377,351,0.28234,33.386
378,352,0.30199,33.825
379,377,0.17887,2.958
380,378,0.15665,2.9659
381,379,0.15963,2.993
382,380,0.14818,3.007
383,378,0.24987,7.4862
384,381,0.18728,4.5476
385,378,0.24319,10.562
386,383,0.19285,4.6199
387,385,0.18795,3.0901
388,386,0.19064,3.0903
389,387,0.18154,3.101
390,388,0.17317,3.1127
391,369,0.25139,32.714
392,367,0.25595,36.985
393,329,0.26092,84.158
394,329,0.26318,85.697
395,393,0.17715,3.089
396,394,0.21066,3.0902
397,395,0.2029,3.0969
398,396,0.17567,3.1081
399,397,0.20909,3.1097
400,397,0.19396,4.666
401,398,0.21028,4.67
402,394,0.26811,12.421
403,392,0.27303,17.054
404,402,0.20341,3.0911
405,369,0.27023,54.403
406,369,0.26618,55.955
407,381,0.25048,40.177
408,382,0.25957,40.241
409,407,0.17595,3.126
410,363,0.23486,70.21
411,363,0.21476,71.788
412,410,0.17007,3.1408
413,411,0.17359,3.1323
414,412,0.15328,3.1156
415,413,0.15779,3.0998
416,414,0.16503,3.0591
417,415,0.179,3.0245
418,370,0.22214,73.163
419,417,0.16485,2.9945
420,418,0.14708,2.978
421,419,0.15063,2.9804
422,350,0.23104,103.53
423,415,0.24114,11.999
424,346,0.22211,112.29
425,337,0.20968,124.78
426,338,0.20398,125.25
427,338,0.19781,126.77
428,426,0.14428,3.0641
429,424,0.18024,7.6404
430,424,0.18075,9.1896
431,429,0.1052,3.0974
432,429,0.12658,4.6525
433,431,0.10608,3.1142
434,432,0.095485,3.1169
435,428,0.15846,10.868
436,428,0.14603,12.428
437,428,0.15754,13.983
438,436,0.096363,3.1171
439,436,0.10558,4.67
440,436,0.11994,6.2287
441,439,0.1035,3.1274
442,439,0.12679,4.6968
443,441,0.11674,3.1256
444,442,0.11648,3.1209
445,442,0.13328,4.6826
446,444,0.13781,3.1188
447,445,0.15113,3.0911
448,446,0.14428,3.0564
449,425,0.22293,37.186
450,420,0.19552,46.189
451,420,0.19296,47.66
452,422,0.21343,46.149
453,422,0.205,47.596
454,452,0.1686,2.8886
455,451,0.1871,5.7781
456,361,0.23712,142.92
457,362,0.24906,143.05
458,455,0.18618,4.1712
459,457,0.1808,2.7348
460,363,0.2119,145.85
461,362,0.20981,148.46
462,365,0.20964,145.91
463,365,0.22418,147.21
464,366,0.22112,147.17
465,366,0.20641,148.42
466,369,0.19912,145.54
467,409,0.27669,86.052
468,370,0.21492,146.4
469,467,0.23377,2.1396
470,468,0.25223,2.4926
471,422,0.24543,71.1
472,374,0.22756,145.75
473,349,0.28555,178.33
474,451,0.27589,29.752
475,420,0.28323,78.622
476,366,0.30402,161.33
477,380,0.32591,142.44
478,422,0.31433,78.902
479,415,0.31674,90.455
480,415,0.29333,91.427
481,415,0.31221,92.292
482,425,0.3133,78.058
483,481,0.32066,2.0533
484,422,0.32623,83.669
485,421,0.3259,85.458
486,421,0.31157,85.688
487,485,0.21712,2.152
488,486,0.23615,2.1067
489,487,0.25284,2.0975
490,488,0.21315,2.1085
491,363,0.28449,172.66
492,454,0.31553,37.13
493,424,0.26851,81.73
494,432,0.24099,69.775
495,493,0.19457,2.512
496,494,0.17788,2.3644
497,424,0.28455,82.031
498,496,0.18653,2.2043
499,497,0.16043,2.2875
500,498,0.18862,2.358
501,499,0.16934,2.4377
502,500,0.18919,2.505
503,501,0.16757,2.5319
504,450,0.28388,47.294
505,432,0.24301,72.079
506,504,0.198,2.6219
507,505,0.21346,2.6444
508,506,0.18339,2.686
509,507,0.19787,2.7251
510,508,0.17568,2.7617
511,508,0.24507,4.1495
512,424,0.2411,85.559
513,420,0.27987,91.234
514,512,0.17958,2.5183
515,513,0.16683,2.3437
516,514,0.18293,2.1718
517,515,0.20618,2.2959
518,516,0.20105,2.4738
519,517,0.18481,2.5206
520,518,0.17921,2.3075
521,519,0.22139,2.0461
522,434,0.29022,76.814
523,436,0.26216,75.015
524,522,0.2118,2.1128
525,523,0.20496,2.0692
526,524,0.19505,2.0252
527,525,0.21743,1.9978
528,526,0.22542,2.2742
529,527,0.25042,2.4858
530,528,0.23967,2.3691
531,529,0.25476,2.2954
532,434,0.31342,83.27
533,432,0.32083,86.259
534,431,0.3225,87.994
535,450,0.26123,71.478
536,451,0.27704,71.731
537,535,0.22076,2.1322
538,536,0.20632,2.1898
539,387,0.29215,145.72
540,538,0.22327,2.1807
541,539,0.17428,2.1205
542,540,0.22563,2.3238
543,541,0.20677,2.5003
544,542,0.20164,2.3374
545,457,0.26094,77.856
546,389,0.22918,146.48
547,545,0.17294,2.1786
548,546,0.15488,2.0624
549,547,0.16026,2.095
550,547,0.2078,3.15
551,549,0.19048,2.1395
552,383,0.25831,157.63
553,382,0.2562,159.68
554,552,0.20976,2.0505
555,553,0.23686,2.0031
556,362,0.26745,186.73
557,374,0.26728,173.43
558,371,0.30183,178.18
559,556,0.22854,3.2881
560,557,0.22149,3.3509
561,554,0.26361,7.339
562,560,0.20143,2.0884
563,561,0.20131,2.0865
564,562,0.19716,2.0644
565,562,0.2306,3.1258
566,564,0.21023,2.1821
567,380,0.26937,176.36
568,566,0.20486,2.383
569,567,0.23667,2.4177
570,568,0.21682,2.423
571,569,0.20955,2.4278
572,570,0.20384,2.4029
573,571,0.21076,2.3581
574,572,0.22323,2.3766
575,573,0.20816,2.395
576,574,0.21167,2.4475
577,575,0.19111,2.2684
578,576,0.19493,2.0833
579,577,0.17877,2.1522
580,578,0.1857,2.2171
581,579,0.19185,2.2667
582,580,0.20516,2.2918
583,581,0.18436,2.2934
584,425,0.25855,136.68
585,426,0.26852,136.43
586,584,0.23461,2.266
587,585,0.24869,2.2656
588,586,0.24766,2.2717
589,587,0.21457,2.256
590,588,0.20909,2.2451
591,588,0.27232,3.3655
592,393,0.30842,184.21
593,430,0.21338,138.57
594,592,0.18686,2.2699
595,440,0.23139,128.78
596,585,0.28823,12.427
597,595,0.18786,2.2553
598,596,0.19347,2.2577
599,597,0.2075,2.2639
600,598,0.22643,2.2493
601,592,0.29857,10.157
602,592,0.30117,11.276
603,430,0.25575,147.09
604,571,0.29671,37.389
605,603,0.18322,2.2371
606,604,0.17945,2.2353
607,605,0.16387,2.2143
608,606,0.17411,2.2299
609,607,0.15374,2.2533
610,608,0.15427,2.2331
611,609,0.14824,2.2024
612,610,0.17005,2.1897
613,611,0.17295,2.2157
614,612,0.15659,2.2349
615,613,0.16139,2.2283
616,614,0.16412,2.2138
617,615,0.16325,2.1897
618,616,0.14997,2.1631
619,617,0.16049,2.1558
620,618,0.15822,2.1986
621,619,0.17535,2.2394
622,620,0.15732,2.2584
623,603,0.24403,22.206
624,601,0.24831,25.581
625,446,0.26173,146.65
626,443,0.2387,151.28
627,625,0.17243,2.3311
628,437,0.20289,160.68
629,624,0.26673,5.7569
630,624,0.27145,6.9161
631,629,0.15169,2.3149
632,623,0.25372,10.378
633,631,0.14133,2.2894
634,632,0.13542,2.2814
635,633,0.12948,2.2832
636,634,0.14613,2.3073
637,635,0.14723,2.3151
638,636,0.14728,2.2878
639,637,0.14614,2.3031
640,638,0.15549,2.3013
641,639,0.1636,2.2783
642,640,0.16084,2.3114
643,641,0.17125,2.3228
644,642,0.15298,2.2886
645,643,0.15625,2.2748
646,644,0.16981,2.2859
647,645,0.15832,2.2723
648,646,0.16842,2.2581
649,647,0.13288,2.2536
650,648,0.15308,2.2281
651,649,0.17665,2.2234
652,650,0.16081,2.2511
653,651,0.14339,2.21
654,652,0.15026,2.1332
655,653,0.16338,2.135
656,654,0.16319,2.1729
657,655,0.16901,2.1866
658,656,0.14753,2.1809
659,657,0.18195,2.1621
660,658,0.16912,2.1407
661,659,0.17515,2.1345
662,660,0.19696,2.1188
663,661,0.17964,2.0889
664,662,0.19804,2.0387
665,660,0.24495,5.4851
666,664,0.20169,2.3362
667,665,0.2182,2.018
668,666,0.2257,2.1273
669,667,0.2119,2.2586
670,668,0.18745,2.2407
671,669,0.26403,2.2885
672,668,0.25218,4.627
673,671,0.23233,2.327
674,672,0.23012,2.2301
675,673,0.24632,2.2169
676,674,0.25146,2.2945
677,675,0.24373,2.3607
678,676,0.24008,2.3609
679,677,0.24494,2.3874
680,678,0.24725,2.3977
681,679,0.18534,2.2957
682,680,0.24282,2.2108
683,681,0.22429,2.2465
684,682,0.19883,2.2403
685,683,0.23433,2.173
686,684,0.25607,2.1786
687,685,0.23475,2.1794
688,686,0.2459,2.1591
689,687,0.25013,2.17
690,688,0.26705,2.2066
691,689,0.26581,2.2604
692,690,0.23911,2.3039
693,691,0.24949,2.3098
694,692,0.28895,2.3533
695,693,0.2629,2.4197
696,694,0.26964,2.4095
697,695,0.26747,2.4126
698,696,0.28748,2.4774
699,610,0.31192,100.52
700,697,0.29436,3.763
701,698,0.30019,3.7631
702,699,0.27348,3.8145
703,701,0.24602,2.6018
704,702,0.26311,2.5912
705,703,0.24188,2.579
706,704,0.26669,2.5764
707,704,0.31461,3.8791
708,706,0.26815,2.5971
709,707,0.24861,2.5751
710,708,0.27966,2.5798
711,709,0.28764,2.6073
712,699,0.32899,16.742
713,699,0.35157,18.008
714,712,0.23548,2.5453
715,711,0.33264,5.0554
716,714,0.2728,2.4778
717,715,0.30119,2.5532
718,716,0.27219,2.6437
719,717,0.23587,2.6368
720,718,0.2581,2.6039
721,701,0.34706,25.844
722,720,0.26717,2.6237
723,721,0.25951,2.5153
724,722,0.24413,2.4159
725,723,0.23534,2.3566
726,723,0.30745,3.5804
727,706,0.34496,26.718
728,726,0.26596,2.5032
729,727,0.24265,2.4877
730,708,0.37238,27.839
731,729,0.24793,2.4597
732,730,0.26522,2.4217
733,731,0.22564,2.3778
734,731,0.27925,3.5692
735,732,0.3021,3.5828
736,734,0.25682,2.4529
737,734,0.29721,3.7119
738,736,0.26161,2.5383
739,737,0.25735,2.5853
740,738,0.27769,2.6401
741,739,0.24378,2.6588
742,740,0.24444,2.6293
743,741,0.24201,2.6111
744,742,0.21147,2.5933
745,743,0.23329,2.57
746,744,0.21821,2.5615
747,745,0.22631,2.5459
748,746,0.19416,2.5251
749,747,0.22719,2.5154
750,746,0.28178,5.0431
751,749,0.22926,2.4774
752,750,0.22988,2.4039
753,751,0.22914,2.3838
754,752,0.25632,2.357
755,753,0.21617,2.3056
756,616,0.50178,165.54
757,755,0.32752,2.2612
758,756,0.30953,2.2781
759,757,0.21232,2.2939
760,758,0.22532,2.2504
761,759,0.25178,2.1585
762,760,0.25934,2.2778
763,761,0.24826,2.4367
764,412,0.42627,344.31
765,763,0.31142,2.1154
766,550,0.41238,244.99
767,765,0.23919,2.0484
768,765,0.34096,3.1278
769,767,0.26115,2.0852
770,768,0.28409,2.1347
771,211,0.36818,632.16
772,242,0.43873,577.45
773,213,0.41654,630.45
774,372,0.39437,412.79
775,422,0.38645,339.32
776,774,0.33777,2.4029
777,374,0.36577,411.65
778,422,0.34047,340.47
779,455,0.3219,292.08
780,459,0.34334,286.82
781,779,0.31065,2.3585
782,780,0.3256,2.4271
783,781,0.32371,2.5257
784,410,0.33166,358.49
785,460,0.34448,285.06
786,411,0.31477,356.81
787,412,0.32654,355.2
788,430,0.31825,328.44
789,787,0.2101,2.0169
790,787,0.27253,3.0426
791,789,0.21158,2.0575
792,790,0.21554,2.0776
793,791,0.20808,2.106
794,792,0.19477,2.1341
795,793,0.19671,2.1582
796,794,0.2088,2.1924
797,795,0.2,2.2293
798,386,0.33652,394.21
799,797,0.24759,2.2598
800,797,0.28276,3.3838
801,799,0.23177,2.2466
802,800,0.22559,2.2391
803,801,0.2023,2.2242
804,802,0.19244,2.207
805,803,0.17041,2.1799
806,804,0.19255,2.1483
807,805,0.17024,2.1324
808,806,0.17634,2.115
809,807,0.19023,2.0919
810,808,0.20266,2.0698
811,809,0.2015,2.0484
812,810,0.18818,2.0325
813,811,0.22217,2.016
814,812,0.22426,2.4868
815,813,0.20715,2.9472
816,814,0.28146,2.9089
817,639,0.31608,174.94
818,816,0.20854,2.8325
819,817,0.19778,2.7935
820,818,0.19619,2.7532
821,819,0.1918,2.7164
822,819,0.27321,4.0477
823,821,0.23518,2.6273
824,821,0.29605,3.9014
825,823,0.22636,2.5144
826,823,0.29473,3.723
827,825,0.21481,2.3805
828,826,0.21481,2.2863
829,827,0.21867,2.1814
830,828,0.24693,2.0728
831,829,0.22444,2.2176
832,830,0.26999,2.2491
833,808,0.30441,30.421
834,809,0.33361,30.391
835,809,0.35152,31.474
836,834,0.27513,2.2192
837,834,0.37136,3.2841
838,552,0.40108,273.19
839,553,0.39633,273.63
840,488,0.40526,255.82
841,420,0.39163,343.08
842,413,0.41603,353.77
843,423,0.41809,338.78
844,423,0.43089,338.88
845,415,0.42632,351.01
846,456,0.42087,288.81
847,845,0.31286,2.5422
848,845,0.41984,3.6051
849,847,0.35172,2.1529
850,848,0.32317,2.2049
851,209,0.47074,652.53
852,850,0.32935,2.2792
853,851,0.34243,2.2924
854,852,0.33462,2.3039
855,562,0.39132,276.9
856,854,0.33085,2.3279
857,855,0.3438,2.3563
858,413,0.41071,356.12
859,792,0.42788,78.626
860,552,0.40057,283.85
861,859,0.37157,2.5659
862,860,0.33496,2.6286
863,861,0.38086,2.6739
864,862,0.38389,2.6982
865,797,0.36782,81.165
866,798,0.33852,81.443
867,799,0.32609,81.733
868,866,0.33412,2.8583
869,867,0.32047,2.8875
870,828,0.34082,51.189
871,869,0.30476,2.9537
872,870,0.27349,2.976
873,870,0.34442,4.474
874,872,0.28283,3.0004
875,827,0.31823,59.787
876,874,0.28285,3.0193
877,875,0.28814,3.0273
878,823,0.32555,69.224
879,826,0.29662,67.017
880,870,0.29754,15.051
881,879,0.2614,3.0127
882,880,0.28122,3.0098
883,881,0.28233,3.0061
884,882,0.25615,3.0144
885,883,0.27055,3.0313
886,884,0.25909,3.0375
887,885,0.27026,3.0486
888,830,0.32416,76.285
889,832,0.32466,75.569
890,887,0.32608,4.597
891,886,0.32668,7.674
892,890,0.28866,3.1107
893,887,0.33855,9.281
894,889,0.32962,7.798
895,893,0.30337,3.1638
896,893,0.34625,4.7608
897,642,0.35395,235.91
898,894,0.34039,6.4038
899,386,0.32929,410.98
900,898,0.29036,3.2291
901,390,0.29836,405.76
902,411,0.3052,374.19
903,901,0.27577,3.2376
904,902,0.25182,3.2403
905,903,0.26651,3.2566
906,904,0.27743,3.2725
907,418,0.25351,366.24
908,420,0.25144,363.88
909,418,0.23193,367.37
910,411,0.28262,378.44
911,385,0.24874,418.37
912,910,0.22041,3.2863
913,385,0.2227,419.43
914,387,0.19717,416.95
915,913,0.19377,3.2315
916,421,0.23674,367.09
917,912,0.25665,8.0398
918,915,0.21876,4.7528
919,917,0.22533,3.1188
920,917,0.23567,4.6506
921,918,0.2226,4.5873
922,914,0.23556,12.437
923,390,0.24302,417.17
924,920,0.24809,5.887
925,390,0.24368,418.19
926,924,0.20605,2.853
927,392,0.27661,416.25
928,392,0.26943,416.78
929,927,0.28967,2.9027
930,928,0.29005,2.9248
931,929,0.28709,2.9313
932,641,0.3112,279.55
933,931,0.26416,2.9284
934,802,0.36026,181.57
935,824,0.34677,156.22
936,934,0.27662,2.8977
937,935,0.26084,2.8867
938,936,0.27023,2.8797
939,819,0.33542,168.6
940,937,0.32532,4.2985
941,824,0.28724,164.82
942,824,0.26023,166.23
943,870,0.34707,111.7
944,942,0.30342,2.785
945,942,0.33817,4.1549
946,830,0.30559,164.91
947,830,0.27969,166.22
948,830,0.284,167.5
949,832,0.30032,166.49
950,948,0.32167,2.4792
951,833,0.37166,167.95
952,834,0.34851,168.22
953,951,0.35141,2.5345
954,838,0.36709,166.38
955,926,0.34128,40.048
956,919,0.35588,51.646
957,917,0.35736,56.144
958,390,0.32932,437.71
959,385,0.33069,445.63
960,386,0.3427,444.86
961,959,0.28869,2.987
962,385,0.33658,447.72
963,853,0.41095,161.12
964,210,0.37708,700.89
965,209,0.38273,702.86
966,374,0.36641,465.89
967,374,0.36392,466.62
968,100,0.39072,857.11
969,370,0.36491,473.35
970,350,0.40353,496.87
971,355,0.39677,492.58
972,969,0.35629,4.5498
973,361,0.34666,487.38
974,451,0.31871,365.11
975,451,0.30233,366.05
976,491,0.31184,340.59
977,423,0.29704,406.05
978,492,0.26884,343.5
979,492,0.28973,344.58
980,978,0.1947,3.1783
981,425,0.26517,407
982,980,0.17857,3.2347
983,370,0.26391,484.35
984,374,0.2695,480.06
985,378,0.27835,475.62
986,242,0.32464,668.65
987,985,0.16257,3.3694
988,983,0.25754,8.3839
989,424,0.23975,416.2
990,425,0.23185,415.91
991,432,0.21508,407.58
992,988,0.24043,6.9021
993,989,0.22054,6.9368
994,989,0.25001,8.6903
995,992,0.22276,5.2503
996,423,0.28125,424.78
997,425,0.2788,423.23
998,426,0.26394,422.99
999,980,0.2414,32.472
1000,980,0.25671,34.245
1001,983,0.2473,31.153
1002,975,0.25857,45.67
1003,1001,0.16692,3.5655
1004,422,0.24203,434.66
1005,982,0.21775,39.942
1006,980,0.21793,44.971
1007,1004,0.20939,5.3873
1008,372,0.30356,505.16
1009,984,0.20052,43.835
1010,1008,0.21264,3.582
1011,360,0.24027,522.24
1012,354,0.27589,529.44
1013,423,0.26719,443.4
1014,449,0.28953,411.58
1015,425,0.25824,443.08
1016,426,0.26039,442.92
1017,1015,0.20831,3.3869
1018,425,0.24777,446.37
1019,370,0.24783,518.44
1020,463,0.24524,403.28
1021,986,0.26794,60.99
1022,986,0.25683,62.616
1023,985,0.22435,65.903
1024,372,0.25349,520.8
1025,319,0.27445,580.03
1026,224,0.31728,731.72
1027,1025,0.17767,3.2272
1028,1026,0.18242,3.2148
1029,1024,0.20814,8.0443
1030,351,0.24971,549.2
1031,1001,0.23981,50.899
1032,454,0.20361,426.56
1033,421,0.18816,467.43
1034,421,0.18352,468.49
1035,1033,0.15263,3.0915
1036,1012,0.23246,38.968
1037,983,0.22953,91.316
1038,982,0.24747,94.485
1039,1037,0.13956,3.062
1040,426,0.19487,468.89
1041,426,0.20273,469.99
1042,427,0.18912,469.89
1043,1041,0.14901,3.1508
1044,438,0.20188,458.93
1045,1043,0.20055,3.2021
1046,425,0.2281,476.86
1047,451,0.24423,447.31
1048,1036,0.23516,18.872
1049,1036,0.24719,20.477
1050,351,0.28823,568.57
1051,1039,0.26654,19.073
1052,996,0.2542,92.743
1053,1031,0.31432,34.556
1054,1001,0.30661,87.018
1055,1003,0.28747,85.013
1056,1054,0.211,3.1278
1057,1003,0.23899,88.157
1058,1002,0.21595,91.519
1059,1003,0.25416,91.35
1060,1058,0.26337,3.2418
1061,1058,0.31811,4.883
1062,1060,0.27933,3.3081
1063,1036,0.34574,42.896
1064,1035,0.33999,46.091
1065,349,0.3396,586.14
1066,987,0.31955,131.06
1067,1028,0.38348,62.114
1068,1028,0.38167,63.791
1069,985,0.35526,139.43
1070,1011,0.35403,95.352
1071,1001,0.36994,114.93
1072,1032,0.36993,64.115
1073,353,0.41418,591.09
1074,355,0.41438,590.41
1075,360,0.39912,586.76
1076,1021,0.39513,88.449
1077,1023,0.40554,86.894
1078,1031,0.35034,75.741
1079,422,0.33523,519.95
1080,1012,0.33996,110.33
1081,451,0.3139,490.52
1082,984,0.28157,162.9
1083,421,0.25419,526.2
1084,421,0.24976,527.49
1085,1036,0.29876,79.889
1086,422,0.25782,529.01
1087,1085,0.21113,3.4628
1088,421,0.23428,532.76
1089,1087,0.17363,3.5041
1090,1088,0.14767,3.5174
1091,1089,0.14285,3.5107
1092,983,0.21664,181.9
1093,1035,0.20184,95.352
1094,1033,0.18455,100.17
1095,1093,0.15744,3.4212
1096,424,0.16747,540.06
1097,1037,0.1821,98.964
1098,425,0.18955,541.35
1099,428,0.1607,539.2
1100,428,0.16449,540.22
1101,1099,0.11384,2.626
1102,1100,0.11725,2.4932
1103,1101,0.1019,2.4016
1104,1102,0.10317,2.3518
1105,1103,0.081576,2.321
1106,1104,0.088394,2.3106
1107,434,0.12429,540.18
1108,1106,0.075378,2.3137
1109,1107,0.06306,2.3171
1110,1105,0.10198,5.8061
1111,1105,0.10303,7.0103
1112,1110,0.066674,2.4483
1113,1110,0.081837,3.7228
1114,1105,0.10426,10.825
1115,1100,0.13677,18.128
1116,425,0.13564,558.8
1117,1109,0.083898,10.191
1118,1116,0.081917,2.712
1119,1116,0.087996,4.098
1120,1116,0.082721,5.494
1121,1117,0.083992,5.5494
1122,1096,0.14762,33.617
1123,1121,0.077533,2.8256
1124,1121,0.091449,4.2475
1125,1118,0.092041,9.8594
1126,1124,0.07749,2.8503
1127,1123,0.090866,5.7075
1128,1126,0.082328,2.8763
1129,1127,0.091111,2.881
1130,1125,0.12365,7.1869
1131,1125,0.12192,8.6347
1132,1112,0.13328,27.887
1133,1131,0.12972,2.9274
1134,1132,0.15149,2.9258
1135,1116,0.19127,27.066
1136,424,0.22574,583.29
1137,424,0.25032,584.5
1138,1062,0.26802,114.5
1139,351,0.29558,661.92
1140,1030,0.27711,168.02
1141,1138,0.27768,4.4764
1142,1047,0.29322,144.43
1143,372,0.27274,647.14
1144,79,0.31285,1009.5
1145,1143,0.25898,3.0183
1146,1143,0.27768,4.5398
1147,100,0.35661,986.08
1148,1022,0.37376,192.96
1149,1147,0.18615,3.0625
1150,1146,0.24887,6.1122
1151,362,0.36248,666.16
1152,155,0.33668,913.64
1153,155,0.38891,914.57
1154,224,0.38283,853.36
1155,1024,0.28407,200.53
1156,1025,0.29076,200.48
1157,1031,0.2856,192.44
1158,1038,0.28519,183.21
1159,1119,0.26905,59.529
1160,448,0.25951,590.15
1161,446,0.25361,593.38
1162,1160,0.20607,3.174
1163,1119,0.24002,65.885
1164,1116,0.24316,71.585
1165,1163,0.17089,3.2097
1166,1164,0.17105,3.2138
1167,1037,0.20833,199.11
1168,421,0.24324,627.03
1169,1095,0.21292,106.62
1170,1126,0.15672,67.306
1171,1114,0.17257,85.565
1172,1114,0.16809,87.202
1173,1118,0.18312,83.487
1174,1113,0.18089,91.771
1175,1172,0.18926,4.8938
1176,438,0.18481,621.8
1177,1175,0.1891,3.2386
1178,434,0.20462,628.34
1179,404,0.30662,658.78
1180,502,0.298,616.05
1181,1167,0.32702,22.67
1182,1086,0.26617,143.26
1183,1181,0.24758,3.141
1184,1182,0.23303,3.1409
1185,914,0.33037,420.33
1186,1082,0.30558,156.39
1187,1185,0.21987,3.1217
1188,1186,0.26799,3.1228
1189,387,0.32073,688.97
1190,1188,0.26855,3.1224
1191,557,0.34976,688.23
1192,1190,0.25153,3.1123
1193,389,0.30009,691.99
1194,562,0.27931,692.68
1195,1192,0.2672,4.6554
1196,386,0.2755,698.85
1197,385,0.26118,701.14
1198,385,0.26667,702.39
1199,384,0.25272,704.65
1200,370,0.2696,719.45
1201,421,0.21456,670.99
1202,421,0.23855,672.25
1203,1092,0.2536,165.02
1204,1125,0.21395,121.75
1205,449,0.26289,650.78
1206,1204,0.20466,2.7719
1207,1098,0.22129,160.67
1208,1206,0.18776,2.6902
1209,1115,0.20291,142.43
1210,1115,0.2035,143.75
1211,1209,0.17415,2.6358
1212,1104,0.21001,159.65
1213,1131,0.19941,125.12
1214,1129,0.19942,129.27
1215,1130,0.20373,129.07
1216,425,0.29052,685.09
1217,425,0.26522,686.19
1218,432,0.26701,680.97
1219,1091,0.27987,187.44
1220,1091,0.28008,188.58
1221,1001,0.29012,338.68
1222,1143,0.30259,117.93
1223,1221,0.19402,2.1196
1224,1221,0.28903,3.1286
1225,560,0.29659,731.76
1226,385,0.2731,733.5
1227,380,0.28841,739.52
1228,1009,0.29467,332.77
1229,915,0.31294,478.77
1230,1228,0.23221,2.2829
1231,382,0.28335,741.65
1232,1230,0.26254,2.307
1233,380,0.28696,745.69
1234,381,0.28023,745.66
1235,1233,0.24236,2.0885
1236,1031,0.29849,305.03
1237,1032,0.30628,304.59
1238,1037,0.31282,298.07
1239,1206,0.3514,39.628
1240,1159,0.33185,114.25
1241,449,0.30147,691.21
1242,1240,0.24858,2.3157
1243,423,0.3226,715.55
1244,415,0.26271,723.67
1245,1243,0.22519,2.3261
1246,1244,0.28345,2.0162
1247,1245,0.26406,2.0502
1248,1246,0.23702,2.044
1249,423,0.32446,720.08
1250,1248,0.27679,2.0068
1251,1249,0.27532,2.0233
1252,1250,0.24922,2.0377
1253,453,0.35424,696.06
1254,1030,0.29697,324.2
1255,1031,0.30366,323.12
1256,1032,0.31202,321.94
1257,1097,0.30709,215.62
1258,1030,0.33533,325.63
1259,1257,0.2466,2.523
1260,1134,0.28977,166.93
1261,1134,0.27547,167.08
1262,1132,0.21513,170.13
1263,1132,0.20713,170.28
1264,1262,0.1834,2.9118
1265,1263,0.14368,2.4777
1266,1264,0.15027,2.0158
1267,1130,0.18772,173.62
1268,1131,0.17863,172.29
1269,1267,0.098516,2.1277
1270,1267,0.12779,3.2151
1271,1126,0.17522,179.76
1272,1097,0.21595,217.32
1273,424,0.20224,711.84
1274,1034,0.19564,320.58
1275,421,0.18259,713.23
1276,1093,0.18042,224.3
1277,1121,0.15732,187.47
1278,1116,0.14623,194.37
1279,1116,0.15621,194.51
1280,1114,0.16558,197.24
1281,1111,0.171,201.14
1282,1111,0.16753,201.29
1283,1109,0.16805,203.79
1284,1109,0.16523,203.95
1285,1109,0.16579,204.13
1286,1117,0.17651,194.39
1287,1127,0.19004,180.95
1288,424,0.19703,703.6
1289,1122,0.16513,188.34
1290,1288,0.14827,2.5929
1291,1289,0.142,2.618
1292,1097,0.17437,220.31
1293,1291,0.14043,2.6397
1294,1292,0.13715,2.6363
1295,1293,0.12189,2.6445
1296,1294,0.12385,2.6656
1297,1089,0.2222,234.85
1298,1087,0.23255,238.52
1299,1297,0.11264,2.704
1300,1298,0.14132,2.7201
1301,1298,0.16279,4.0868
1302,1298,0.17922,5.466
1303,1089,0.19963,236.51
1304,1302,0.13175,2.7557
1305,1303,0.11899,2.7745
1306,425,0.17387,692.03
1307,426,0.18436,690.67
1308,1120,0.17322,197.37
1309,1306,0.17399,4.2106
1310,1124,0.19141,193.04
1311,1309,0.16382,2.8228
1312,1110,0.17127,211.23
1313,1111,0.18678,210.54
1314,1119,0.17992,201.34
1315,1097,0.22166,227.75
1316,456,0.2601,664.64
1317,987,0.19974,405.51
1318,985,0.23064,409.02
1319,985,0.2225,409.24
1320,1318,0.1539,2.8551
1321,1317,0.21253,5.7234
1322,1316,0.21719,8.5817
1323,1321,0.16637,2.8825
1324,1322,0.1673,2.8938
1325,1032,0.25672,332.88
1326,1032,0.24515,333.2
1327,982,0.25139,415.94
1328,1091,0.27701,243.26
1329,421,0.25417,680.96
1330,1001,0.2261,385.03
1331,373,0.28785,716.4
1332,1143,0.28153,182.18
1333,1010,0.2856,370.43
1334,1332,0.1929,3.0143
1335,370,0.28737,715.69
1336,1138,0.28731,191.45
1337,1138,0.27788,192.25
1338,1336,0.21276,3.0331
1339,995,0.29421,398.19
1340,1049,0.27032,313.73
1341,1339,0.15273,3.0621
1342,1049,0.26019,314.71
1343,106,0.29758,977.98
1344,205,0.32042,885.74
1345,1333,0.31459,18.258
1346,1344,0.12451,3.0586
1347,106,0.29511,973.48
1348,377,0.2717,701.23
1349,1030,0.2677,345.67
1350,988,0.25693,413.91
1351,375,0.27541,700.61
1352,1347,0.2342,7.661
1353,359,0.28049,710.08
1354,986,0.2554,418.77
1355,1352,0.20641,4.6518
1356,1008,0.27741,383.35
1357,377,0.2934,695.07
1358,1342,0.29864,24.621
1359,1340,0.29544,29.251
1360,379,0.29695,691.65
1361,1330,0.31863,47.508
1362,918,0.32033,516.35
1363,1361,0.20246,3.1202
1364,1362,0.20525,3.125
1365,1362,0.23633,4.6897
1366,1364,0.1784,3.1194
1367,1365,0.18177,3.1164
1368,1366,0.17264,3.1268
1369,1366,0.25915,4.6977
1370,1366,0.32368,6.2833
1371,1192,0.32397,177.46
1372,1370,0.21613,3.1941
1373,1371,0.24093,3.2107
1374,1372,0.23182,3.2305
1375,1373,0.26672,3.2441
1376,1374,0.25604,3.2587
1377,1375,0.26315,3.2736
1378,1376,0.26273,3.2835
1379,1377,0.26728,3.299
1380,1378,0.28227,3.3129
1381,936,0.4757,499.56
1382,934,0.46947,502.71
1383,1381,0.26325,3.3869
1384,1382,0.20143,3.4172
1385,1381,0.32536,6.835
1386,1384,0.18895,3.476
1387,1385,0.19934,3.4914
1388,1375,0.39058,21.966
1389,1387,0.19956,3.467
1390,1388,0.19126,3.4768
1391,1388,0.22555,5.2366
1392,1390,0.21391,3.5495
1393,1391,0.21377,3.5904
1394,1392,0.22614,3.5932
1395,1393,0.21284,3.5788
1396,1394,0.20769,3.5787
1397,1389,0.30136,14.24
1398,1388,0.31121,17.734
1399,1397,0.21941,3.5202
1400,1398,0.18536,3.5241
1401,1399,0.20793,3.5382
1402,1400,0.1799,3.5547
1403,1401,0.17905,3.5844
1404,1402,0.19961,3.6043
1405,1403,0.18766,3.6246
1406,1404,0.19245,3.6466
1407,1405,0.18294,3.6617
1408,1406,0.22408,3.6748
1409,1407,0.24959,3.668
1410,1408,0.27454,3.658
1411,1409,0.28863,3.6628
1412,1410,0.28208,3.6362
1413,1398,0.4121,27.117
1414,1366,0.4694,82.978
1415,1367,0.47506,83.246
1416,1414,0.41747,3.6781
1417,1364,0.50406,91.631
1418,1416,0.47066,3.7453
1419,1076,0.47679,344.92
1420,557,0.49075,704.66
1421,1076,0.50702,347.45
1422,1354,0.50961,116.54
1423,1318,0.47341,172.51
1424,1229,0.41228,259.51
1425,987,0.34984,465.58
1426,918,0.35617,552.77
1427,558,0.40436,704.57
1428,383,0.38624,647.66
1429,1232,0.38068,268.93
1430,1230,0.3805,270.6
1431,1429,0.43606,3.6935
1432,1430,0.43629,3.6942
1433,921,0.40381,554.32
1434,1432,0.42597,3.6963
1435,921,0.37564,555.96
1436,1191,0.39896,286.34
1437,1185,0.39527,290.47
1438,1436,0.37802,3.8093
1439,1437,0.35091,3.8369
1440,1438,0.26122,3.856
1441,1439,0.21732,3.8611
1442,1363,0.41472,139.95
1443,1354,0.37357,155.92
1444,1354,0.36271,157.87
1445,1332,0.36909,193.39
1446,1442,0.34256,7.7932
1447,1318,0.31659,217.84
1448,915,0.31916,575.54
1449,1354,0.35181,167.65
1450,1024,0.27869,442.87
1451,1087,0.31746,377.5
1452,1303,0.26405,248.78
1453,1299,0.27001,256.22
1454,1038,0.28419,432.69
1455,1297,0.26631,262.88
1456,1330,0.31729,218.04
1457,1369,0.35231,160.01
1458,1319,0.31293,238.07
1459,1317,0.2965,242.88
1460,1320,0.28565,240.55
1461,558,0.30254,704.5
1462,1460,0.28762,3.8825
1463,1461,0.26025,3.8346
1464,1462,0.28255,3.7917
1465,1461,0.29134,7.5858
1466,1463,0.31146,5.6002
1467,1462,0.35475,9.3304
1468,1466,0.33893,3.6499
1469,1467,0.36425,3.6439
1470,381,0.34516,631.27
1471,558,0.37226,705.36
1472,913,0.35148,600.91
1473,913,0.33436,601.84
1474,914,0.3541,601.48
1475,455,0.3619,617.83
1476,1024,0.37735,475.94
1477,1354,0.38124,220.74
1478,210,0.41725,754.3
1479,965,0.39799,549.71
1480,1478,0.33087,3.6422
1481,1478,0.35629,5.4611
1482,1480,0.31321,3.6416
1483,1481,0.30788,3.6476
1484,1481,0.3281,5.4658
1485,985,0.29999,533.91
1486,986,0.31478,533.91
1487,1481,0.35831,10.908
1488,1354,0.35051,240.73
1489,1354,0.36421,242.55
1490,1346,0.36278,256.64
1491,1344,0.35791,261.5
1492,1490,0.28226,3.5966
1493,1488,0.35947,9.0205
1494,1492,0.27558,3.5773
1495,559,0.29653,710.24
1496,1488,0.33426,14.362
1497,1492,0.31023,8.9048
1498,374,0.27568,626.65
1499,1025,0.34199,504.99
1500,1498,0.2461,3.4705
1501,1499,0.23616,3.446
1502,1500,0.22745,3.4075
1503,1501,0.21098,3.3599
1504,1501,0.24883,5.0276
1505,1503,0.23625,3.3088
1506,1503,0.2861,4.9367
1507,1318,0.31065,327.83
1508,385,0.29909,623.89
1509,1506,0.3407,4.7615
1510,1009,0.31851,535.62
1511,1332,0.33766,313.55
1512,380,0.33135,624.7
1513,1360,0.32761,273.62
1514,380,0.33426,624.79
1515,370,0.34507,626.23
1516,1514,0.31595,2.7188
1517,366,0.36147,626.96
1518,1516,0.29552,2.499
1519,1348,0.35391,299.94
1520,1342,0.36427,310.14
1521,1342,0.34795,311.49
1522,1520,0.21397,2.5264
1523,1520,0.23817,3.7173
1524,1522,0.24919,2.2773
1525,373,0.33534,627.45
1526,1520,0.35663,6.9704
1527,380,0.30923,627.16
1528,1526,0.31353,2.2341
1529,1527,0.31257,2.263
1530,1527,0.3926,3.5638
1531,1148,0.4055,459.12
1532,1504,0.43831,37.308
1533,1531,0.35959,2.8079
1534,1149,0.46253,462.62
1535,1331,0.41615,345.4
1536,81,0.41803,793.93
1537,1001,0.42034,571.77
1538,1536,0.32755,2.0994
1539,1003,0.50438,571.04
1540,1538,0.37197,2.2209
1541,1287,0.5437,413.36
1542,94,0.50437,777.66
1543,1541,0.39669,2.3798
1544,96,0.46279,774.42
1545,98,0.39167,771.91
1546,98,0.39316,771.25
1547,1346,0.40381,336.25
1548,1353,0.37712,326.77
1549,1152,0.47061,477.84
1550,1343,0.46698,344.59
1551,1549,0.26442,2.5347
1552,1547,0.41468,6.315
1553,1549,0.41319,5.1325
1554,289,0.41187,673.51
1555,289,0.40796,673.39
1556,1552,0.3954,5.3348
1557,1054,0.41,542.62
1558,1556,0.23221,2.7436
1559,1146,0.40885,492.9
1560,1151,0.40056,492.28
1561,1140,0.41243,497.91
1562,1560,0.19083,2.7469
1563,1560,0.24437,4.123
1564,1562,0.17955,2.7468
1565,1563,0.17107,2.7297
1566,1150,0.36891,500.59
1567,1564,0.19574,4.0857
1568,1566,0.12767,2.7248
1569,1152,0.38211,503.85
1570,1152,0.36499,505.2
1571,318,0.36334,647.1
1572,1570,0.13601,2.8216
1573,1570,0.17354,4.2507
1574,1568,0.25375,8.458
1575,1573,0.14433,2.886
1576,1572,0.21968,5.7808
1577,1575,0.13034,2.9333
1578,1568,0.30522,14.303
1579,1577,0.14182,2.9256
1580,1348,0.34327,378.45
1581,1574,0.26177,10.184
1582,1579,0.20428,4.3102
1583,1576,0.25097,10.127
1584,1582,0.2054,2.835
1585,1583,0.23443,2.8277
1586,1574,0.33073,17.261
1587,1575,0.3378,17.223
1588,1586,0.26314,2.8064
1589,197,0.38976,702.44
1590,1588,0.30263,2.7878
1591,1589,0.30544,2.7856
1592,1573,0.33413,27.077
1593,1591,0.24999,2.7851
1594,1592,0.27895,2.8034
1595,1593,0.31943,2.8117
1596,1583,0.39059,18.235
1597,1595,0.30005,2.8539
1598,1596,0.355,2.8761
1599,1597,0.38077,2.8855
1600,1597,0.4528,4.3272
1601,1599,0.35796,2.8811
1602,1600,0.38918,2.8729
1603,1601,0.3819,2.8659
1604,1602,0.39348,2.8557
1605,1603,0.34039,2.8335
1606,1604,0.34437,2.8145
1607,1605,0.37427,2.8093
1608,1606,0.35171,2.8076
1609,1607,0.37017,2.7996
1610,1466,0.50594,210.9
1611,1435,0.51668,272.38
1612,1610,0.40163,2.7998
1613,1611,0.43729,2.791
1614,1612,0.39762,2.7697
1615,1613,0.36695,2.7528
1616,1613,0.46267,4.1173
1617,1615,0.37657,2.7236
1618,1614,0.49637,5.4408
1619,1368,0.54241,402
1620,1618,0.37011,2.6788
1621,1619,0.38869,2.6599
1622,1442,0.57685,273.88
1623,1443,0.58495,273.26
1624,1596,0.55217,38.898
1625,192,0.60765,694.74
1626,1624,0.29682,2.6339
1627,1625,0.31157,2.6491
1628,1590,0.65437,52.598
1629,1624,0.52608,6.6227
1630,1628,0.3258,2.6836
1631,1629,0.30197,2.6998
1632,1630,0.26069,2.7078
1633,1631,0.23399,2.7147
1634,1631,0.33459,4.0917
1635,1631,0.38317,5.4717
1636,1634,0.22679,2.7624
1637,1635,0.22176,2.7691
1638,1577,0.64121,84.678
1639,1361,0.66349,439.83
1640,1580,0.65437,82.961
1641,1442,0.60197,299.44
1642,1443,0.58862,298.76
1643,201,0.62859,692.59
1644,201,0.58417,692.34
1645,1643,0.2861,2.4235
1646,1644,0.25378,2.3865
1647,264,0.55634,694.67
1648,1442,0.56043,307.87
1649,1363,0.56514,448.95
1650,1566,0.55389,114.96
1651,1443,0.54843,309.48
1652,183,0.53649,686.75
1653,1651,0.25701,2.3965
1654,1652,0.2708,2.3931
1655,1653,0.16923,2.3722
1656,1653,0.27276,3.5532
1657,1655,0.23323,2.3275
1658,1656,0.20177,2.2646
1659,1654,0.43453,5.72
1660,1654,0.49387,6.75
1661,1659,0.2672,2.4962
1662,1658,0.43199,4.9499
1663,1657,0.53343,7.3096
1664,1658,0.5161,7.3341
1665,960,0.59269,745.44
1666,1446,0.57319,321.25
1667,1665,0.13567,2.0526
1668,1666,0.16268,2.0289
1669,1623,0.57892,56.893
1670,1668,0.18696,2.3199
1671,1669,0.21562,2.5625
1672,1670,0.18977,2.3436
